pedido_id,data_pedido,cliente_id,produto_id,quantidade,preco_unit,desconto_pct,valor_bruto,valor_desconto,valor_liquido
1,2026-04-17,1,162,4,29.99,12.13,119.96,14.55,105.41
1,2026-04-17,1,113,3,3999.99,12.1,11999.97,1452.0,10547.97
1,2026-04-17,1,122,3,299.99,6.69,899.97,60.21,839.76
1,2026-04-17,1,138,2,8.99,1.71,17.98,0.31,17.67
2,2025-12-19,2,86,5,19.99,6.83,99.95,6.83,93.12
2,2025-12-19,2,104,2,19.99,18.52,39.98,7.4,32.58
3,2026-05-12,3,24,1,14.99,4.23,14.99,0.63,14.36
3,2026-05-12,3,123,1,1099.99,9.37,1099.99,103.07,996.92
3,2026-05-12,3,129,1,299.99,6.95,299.99,20.85,279.14
3,2026-05-12,3,86,5,19.99,6.83,99.95,6.83,93.12
3,2026-05-12,3,8,2,89.99,14.72,179.98,26.49,153.49
3,2026-05-12,3,157,5,19.99,11.22,99.95,11.21,88.74
4,2026-03-23,4,92,3,109.99,0.04,329.97,0.13,329.84
4,2026-03-23,4,8,4,89.99,14.72,359.96,52.99,306.97
5,2025-06-07,5,161,4,349.99,18.2,1399.96,254.79,1145.17
5,2025-06-07,5,39,4,1.99,17.48,7.96,1.39,6.57
5,2025-06-07,5,3,4,14.99,9.84,59.96,5.9,54.06
6,2026-06-15,6,192,5,10999.99,15.94,54999.95,8766.99,46232.96
6,2026-06-15,6,130,1,349.99,11.51,349.99,40.28,309.71
6,2026-06-15,6,155,4,24.99,4.94,99.96,4.94,95.02
6,2026-06-15,6,42,4,0.99,14.92,3.96,0.59,3.37
7,2026-04-13,7,56,1,49.99,14.04,49.99,7.02,42.97
7,2026-04-13,7,136,1,499.99,17.41,499.99,87.05,412.94
7,2026-04-13,7,9,2,69.99,0.62,139.98,0.87,139.11
7,2026-04-13,7,120,4,9.99,13.39,39.96,5.35,34.61
7,2026-04-13,7,56,1,49.99,14.04,49.99,7.02,42.97
7,2026-04-13,7,90,5,89.99,4.2,449.95,18.9,431.05
8,2026-04-20,8,18,2,8.99,9.58,17.98,1.72,16.26
8,2026-04-20,8,50,3,9.99,10.24,29.97,3.07,26.9
8,2026-04-20,8,162,4,29.99,12.13,119.96,14.55,105.41
8,2026-04-20,8,11,3,1899.99,8.57,5699.97,488.49,5211.48
8,2026-04-20,8,108,4,29.99,13.85,119.96,16.61,103.35
8,2026-04-20,8,106,1,349.99,12.02,349.99,42.07,307.92
9,2025-07-05,9,1,3,9.99,10.48,29.97,3.14,26.83
9,2025-07-05,9,98,2,13999.99,5.05,27999.98,1414.0,26585.98
9,2025-07-05,9,132,3,499.99,19.45,1499.97,291.74,1208.23
9,2025-07-05,9,90,2,89.99,4.2,179.98,7.56,172.42
10,2025-12-24,10,41,1,2.49,13.28,2.49,0.33,2.16
10,2025-12-24,10,108,5,29.99,13.85,149.95,20.77,129.18
11,2025-11-20,11,115,4,14999.99,6.92,59999.96,4152.0,55847.96
11,2025-11-20,11,101,2,549.99,13.67,1099.98,150.37,949.61
11,2025-11-20,11,55,4,6.99,14.76,27.96,4.13,23.83
11,2025-11-20,11,25,3,1.29,0.16,3.87,0.01,3.86
11,2025-11-20,11,161,2,349.99,18.2,699.98,127.4,572.58
12,2026-06-01,12,117,1,7499.99,11.58,7499.99,868.5,6631.49
12,2026-06-01,12,28,5,5.49,8.69,27.45,2.39,25.06
12,2026-06-01,12,98,2,13999.99,5.05,27999.98,1414.0,26585.98
12,2026-06-01,12,8,1,89.99,14.72,89.99,13.25,76.74
12,2026-06-01,12,162,5,29.99,12.13,149.95,18.19,131.76
12,2026-06-01,12,14,4,499.99,2.01,1999.96,40.2,1959.76
13,2026-03-05,13,35,2,2.29,5.38,4.58,0.25,4.33
13,2026-03-05,13,23,4,2.99,11.05,11.96,1.32,10.64
14,2026-05-02,14,44,4,29.99,14.87,119.96,17.84,102.12
14,2026-05-02,14,68,1,24.99,3.0,24.99,0.75,24.24
14,2026-05-02,14,65,5,12.99,10.34,64.95,6.72,58.23
15,2025-12-21,15,61,2,34.99,17.02,69.98,11.91,58.07
15,2025-12-21,15,105,1,99.99,17.17,99.99,17.17,82.82
15,2025-12-21,15,141,2,39.99,7.74,79.98,6.19,73.79
16,2025-09-08,16,20,5,4.99,9.33,24.95,2.33,22.62
16,2025-09-08,16,91,3,119.99,4.97,359.97,17.89,342.08
17,2026-02-02,17,123,5,1099.99,9.37,5499.95,515.35,4984.6
17,2026-02-02,17,137,1,19.99,4.93,19.99,0.99,19.0
17,2026-02-02,17,25,5,1.29,0.16,6.45,0.01,6.44
17,2026-02-02,17,26,5,0.99,1.0,4.95,0.05,4.9
18,2025-05-09,18,169,5,24999.99,2.63,124999.95,3287.5,121712.45
18,2025-05-09,18,193,5,799.99,18.34,3999.95,733.59,3266.36
19,2026-05-03,19,22,3,10.99,10.27,32.97,3.39,29.58
19,2026-05-03,19,56,1,49.99,14.04,49.99,7.02,42.97
19,2026-05-03,19,97,2,10999.99,3.73,21999.98,820.6,21179.38
19,2026-05-03,19,71,1,39.99,5.7,39.99,2.28,37.71
19,2026-05-03,19,69,5,3.99,7.31,19.95,1.46,18.49
20,2026-03-01,20,123,4,1099.99,9.37,4399.96,412.28,3987.68
20,2026-03-01,20,36,3,19.99,7.59,59.97,4.55,55.42
20,2026-03-01,20,146,2,5.99,2.95,11.98,0.35,11.63
20,2026-03-01,20,89,3,79.99,18.04,239.97,43.29,196.68
21,2026-04-12,21,79,1,1799.99,11.14,1799.99,200.52,1599.47
21,2026-04-12,21,164,4,34.99,14.28,139.96,19.99,119.97
21,2026-04-12,21,192,1,10999.99,15.94,10999.99,1753.4,9246.59
22,2025-11-12,22,16,4,1.99,12.62,7.96,1.0,6.96
22,2025-11-12,22,92,2,109.99,0.04,219.98,0.09,219.89
22,2025-11-12,22,166,2,39.99,12.95,79.98,10.36,69.62
23,2026-06-13,23,127,5,299.99,18.29,1499.95,274.34,1225.61
23,2026-06-13,23,134,4,249.99,10.17,999.96,101.7,898.26
24,2026-05-22,24,117,4,7499.99,11.58,29999.96,3474.0,26525.96
24,2026-05-22,24,128,2,149.99,15.3,299.98,45.9,254.08
25,2026-04-18,25,32,2,3.49,13.74,6.98,0.96,6.02
25,2026-04-18,25,106,3,349.99,12.02,1049.97,126.21,923.76
25,2026-04-18,25,35,5,2.29,5.38,11.45,0.62,10.83
25,2026-04-18,25,110,4,14.99,19.4,59.96,11.63,48.33
25,2026-04-18,25,103,1,99.99,18.1,99.99,18.1,81.89
26,2025-08-20,26,122,3,299.99,6.69,899.97,60.21,839.76
26,2025-08-20,26,63,4,7.99,18.91,31.96,6.04,25.92
26,2025-08-20,26,108,4,29.99,13.85,119.96,16.61,103.35
26,2025-08-20,26,153,5,11.99,12.25,59.95,7.34,52.61
27,2025-12-30,27,192,4,10999.99,15.94,43999.96,7013.59,36986.37
27,2025-12-30,27,97,5,10999.99,3.73,54999.95,2051.5,52948.45
27,2025-12-30,27,20,3,4.99,9.33,14.97,1.4,13.57
27,2025-12-30,27,113,3,3999.99,12.1,11999.97,1452.0,10547.97
28,2025-04-15,28,182,5,29.99,15.24,149.95,22.85,127.1
28,2025-04-15,28,64,2,14.99,18.86,29.98,5.65,24.33
28,2025-04-15,28,46,3,14.99,6.84,44.97,3.08,41.89
28,2025-04-15,28,185,5,19.99,3.33,99.95,3.33,96.62
28,2025-04-15,28,175,3,39.99,15.2,119.97,18.24,101.73
28,2025-04-15,28,81,5,1099.99,6.55,5499.95,360.25,5139.7
29,2025-07-24,29,174,3,599.99,14.09,1799.97,253.62,1546.35
29,2025-07-24,29,102,5,79.99,4.48,399.95,17.92,382.03
29,2025-07-24,29,48,5,7.99,2.84,39.95,1.13,38.82
29,2025-07-24,29,141,3,39.99,7.74,119.97,9.29,110.68
30,2026-03-19,30,143,1,29.99,3.29,29.99,0.99,29.0
30,2026-03-19,30,135,2,299.99,17.67,599.98,106.02,493.96
30,2026-03-19,30,126,1,399.99,18.64,399.99,74.56,325.43
30,2026-03-19,30,77,1,5.99,12.48,5.99,0.75,5.24
30,2026-03-19,30,3,5,14.99,9.84,74.95,7.38,67.57
30,2026-03-19,30,170,5,36999.99,16.44,184999.95,30413.99,154585.96
31,2026-04-08,31,2,2,19.99,18.19,39.98,7.27,32.71
31,2026-04-08,31,16,1,1.99,12.62,1.99,0.25,1.74
31,2026-04-08,31,54,3,8.99,12.1,26.97,3.26,23.71
31,2026-04-08,31,187,3,49.99,13.93,149.97,20.89,129.08
31,2026-04-08,31,106,3,349.99,12.02,1049.97,126.21,923.76
32,2026-06-13,32,21,5,1.49,0.16,7.45,0.01,7.44
32,2026-06-13,32,181,1,179.99,19.02,179.99,34.23,145.76
33,2025-10-30,33,175,1,39.99,15.2,39.99,6.08,33.91
33,2025-10-30,33,127,4,299.99,18.29,1199.96,219.47,980.49
33,2025-10-30,33,38,3,5.99,9.29,17.97,1.67,16.3
33,2025-10-30,33,14,5,499.99,2.01,2499.95,50.25,2449.7
33,2025-10-30,33,43,5,59.99,10.41,299.95,31.22,268.73
33,2025-10-30,33,169,5,24999.99,2.63,124999.95,3287.5,121712.45
34,2025-11-19,34,136,2,499.99,17.41,999.98,174.1,825.88
34,2025-11-19,34,100,3,129.99,15.54,389.97,60.6,329.37
34,2025-11-19,34,154,3,29.99,4.94,89.97,4.44,85.53
35,2025-12-31,35,69,2,3.99,7.31,7.98,0.58,7.4
35,2025-12-31,35,54,1,8.99,12.1,8.99,1.09,7.9
35,2025-12-31,35,181,3,179.99,19.02,539.97,102.7,437.27
35,2025-12-31,35,55,4,6.99,14.76,27.96,4.13,23.83
35,2025-12-31,35,38,3,5.99,9.29,17.97,1.67,16.3
35,2025-12-31,35,67,1,15.99,9.25,15.99,1.48,14.51
36,2025-08-17,36,3,3,14.99,9.84,44.97,4.43,40.54
36,2025-08-17,36,138,2,8.99,1.71,17.98,0.31,17.67
36,2025-08-17,36,72,4,8.99,13.35,35.96,4.8,31.16
37,2025-07-07,37,141,3,39.99,7.74,119.97,9.29,110.68
37,2025-07-07,37,41,4,2.49,13.28,9.96,1.32,8.64
38,2026-01-03,38,110,2,14.99,19.4,29.98,5.82,24.16
38,2026-01-03,38,161,1,349.99,18.2,349.99,63.7,286.29
38,2026-01-03,38,110,2,14.99,19.4,29.98,5.82,24.16
39,2025-09-08,39,148,2,9.99,17.37,19.98,3.47,16.51
39,2025-09-08,39,177,2,129.99,10.48,259.98,27.25,232.73
40,2026-03-14,40,154,3,29.99,4.94,89.97,4.44,85.53
40,2026-03-14,40,77,4,5.99,12.48,23.96,2.99,20.97
40,2026-03-14,40,6,3,49.99,1.89,149.97,2.83,147.14
41,2025-12-18,41,38,5,5.99,9.29,29.95,2.78,27.17
41,2025-12-18,41,97,2,10999.99,3.73,21999.98,820.6,21179.38
41,2025-12-18,41,139,4,24.99,2.9,99.96,2.9,97.06
41,2025-12-18,41,7,4,129.99,16.51,519.96,85.85,434.11
41,2025-12-18,41,95,3,8999.99,8.88,26999.97,2397.6,24602.37
42,2026-05-05,42,148,5,9.99,17.37,49.95,8.68,41.27
42,2026-05-05,42,17,4,12.99,9.61,51.96,4.99,46.97
42,2026-05-05,42,179,2,79.99,15.06,159.98,24.09,135.89
42,2026-05-05,42,164,3,34.99,14.28,104.97,14.99,89.98
42,2026-05-05,42,7,2,129.99,16.51,259.98,42.92,217.06
43,2026-03-24,43,88,5,149.99,4.12,749.95,30.9,719.05
43,2026-03-24,43,13,2,299.99,19.09,599.98,114.54,485.44
43,2026-03-24,43,90,3,89.99,4.2,269.97,11.34,258.63
43,2026-03-24,43,61,2,34.99,17.02,69.98,11.91,58.07
44,2025-10-23,44,74,4,4.99,1.53,19.96,0.31,19.65
44,2025-10-23,44,115,3,14999.99,6.92,44999.97,3114.0,41885.97
44,2025-10-23,44,142,1,12.99,8.63,12.99,1.12,11.87
44,2025-10-23,44,40,3,3.99,1.12,11.97,0.13,11.84
44,2025-10-23,44,132,4,499.99,19.45,1999.96,388.99,1610.97
44,2025-10-23,44,22,1,10.99,10.27,10.99,1.13,9.86
45,2026-05-05,45,168,4,32999.99,8.23,131999.96,10863.6,121136.36
45,2026-05-05,45,29,3,3.99,12.06,11.97,1.44,10.53
45,2026-05-05,45,30,3,2.49,15.22,7.47,1.14,6.33
45,2026-05-05,45,156,4,34.99,1.01,139.96,1.41,138.55
45,2026-05-05,45,72,2,8.99,13.35,17.98,2.4,15.58
45,2026-05-05,45,75,5,16.99,7.48,84.95,6.35,78.6
46,2026-04-26,46,21,5,1.49,0.16,7.45,0.01,7.44
46,2026-04-26,46,121,3,199.99,12.91,599.97,77.46,522.51
46,2026-04-26,46,96,5,12999.99,17.52,64999.95,11387.99,53611.96
46,2026-04-26,46,14,4,499.99,2.01,1999.96,40.2,1959.76
47,2025-11-27,47,6,3,49.99,1.89,149.97,2.83,147.14
47,2025-11-27,47,164,4,34.99,14.28,139.96,19.99,119.97
47,2025-11-27,47,169,2,24999.99,2.63,49999.98,1315.0,48684.98
47,2025-11-27,47,92,2,109.99,0.04,219.98,0.09,219.89
47,2025-11-27,47,46,2,14.99,6.84,29.98,2.05,27.93
48,2025-10-11,48,140,5,14.99,7.44,74.95,5.58,69.37
48,2025-10-11,48,18,4,8.99,9.58,35.96,3.44,32.52
49,2026-03-18,49,184,5,19.99,0.76,99.95,0.76,99.19
49,2026-03-18,49,142,5,12.99,8.63,64.95,5.61,59.34
49,2026-03-18,49,15,5,799.99,8.8,3999.95,352.0,3647.95
49,2026-03-18,49,18,2,8.99,9.58,17.98,1.72,16.26
49,2026-03-18,49,111,2,12.99,19.12,25.98,4.97,21.01
50,2025-07-14,50,60,5,10.99,3.56,54.95,1.96,52.99
50,2025-07-14,50,96,1,12999.99,17.52,12999.99,2277.6,10722.39
50,2025-07-14,50,8,1,89.99,14.72,89.99,13.25,76.74
51,2025-08-23,51,133,5,699.99,5.59,3499.95,195.65,3304.3
51,2025-08-23,51,73,1,19.99,12.09,19.99,2.42,17.57
51,2025-08-23,51,96,1,12999.99,17.52,12999.99,2277.6,10722.39
51,2025-08-23,51,98,1,13999.99,5.05,13999.99,707.0,13292.99
51,2025-08-23,51,116,2,2999.99,6.27,5999.98,376.2,5623.78
52,2025-02-06,52,169,5,24999.99,2.63,124999.95,3287.5,121712.45
52,2025-02-06,52,194,2,129.99,12.6,259.98,32.76,227.22
52,2025-02-06,52,4,1,12.99,12.16,12.99,1.58,11.41
52,2025-02-06,52,114,1,8999.99,9.77,8999.99,879.3,8120.69
52,2025-02-06,52,77,5,5.99,12.48,29.95,3.74,26.21
52,2025-02-06,52,185,4,19.99,3.33,79.96,2.66,77.3
53,2026-04-21,53,159,2,499.99,3.64,999.98,36.4,963.58
53,2026-04-21,53,163,4,19.99,19.2,79.96,15.35,64.61
54,2026-03-13,54,12,2,2499.99,14.4,4999.98,720.0,4279.98
54,2026-03-13,54,78,3,1999.99,4.69,5999.97,281.4,5718.57
55,2026-03-26,55,49,3,5.99,15.65,17.97,2.81,15.16
55,2026-03-26,55,84,1,24.99,0.94,24.99,0.23,24.76
56,2026-04-19,56,60,2,10.99,3.56,21.98,0.78,21.2
56,2026-04-19,56,99,1,99.99,12.07,99.99,12.07,87.92
57,2025-12-27,57,88,5,149.99,4.12,749.95,30.9,719.05
57,2025-12-27,57,100,4,129.99,15.54,519.96,80.8,439.16
58,2026-02-07,58,174,2,599.99,14.09,1199.98,169.08,1030.9
58,2026-02-07,58,142,1,12.99,8.63,12.99,1.12,11.87
59,2025-07-14,59,170,2,36999.99,16.44,73999.98,12165.6,61834.38
59,2025-07-14,59,145,1,29.99,16.93,29.99,5.08,24.91
60,2025-06-25,60,82,5,1499.99,11.89,7499.95,891.74,6608.21
60,2025-06-25,60,149,3,49.99,6.53,149.97,9.79,140.18
61,2026-03-14,61,66,4,89.99,12.13,359.96,43.66,316.3
61,2026-03-14,61,119,4,12.99,16.39,51.96,8.52,43.44
61,2026-03-14,61,107,3,49.99,5.73,149.97,8.59,141.38
61,2026-03-14,61,166,2,39.99,12.95,79.98,10.36,69.62
61,2026-03-14,61,42,1,0.99,14.92,0.99,0.15,0.84
62,2026-01-01,62,133,4,699.99,5.59,2799.96,156.52,2643.44
62,2026-01-01,62,53,4,12.99,8.03,51.96,4.17,47.79
63,2026-02-06,63,153,1,11.99,12.25,11.99,1.47,10.52
63,2026-02-06,63,179,2,79.99,15.06,159.98,24.09,135.89
63,2026-02-06,63,129,1,299.99,6.95,299.99,20.85,279.14
63,2026-02-06,63,19,4,9.99,13.7,39.96,5.47,34.49
64,2026-04-14,64,79,3,1799.99,11.14,5399.97,601.56,4798.41
64,2026-04-14,64,21,2,1.49,0.16,2.98,0.0,2.98
64,2026-04-14,64,73,4,19.99,12.09,79.96,9.67,70.29
64,2026-04-14,64,9,5,69.99,0.62,349.95,2.17,347.78
64,2026-04-14,64,175,5,39.99,15.2,199.95,30.39,169.56
65,2026-03-02,65,130,4,349.99,11.51,1399.96,161.14,1238.82
65,2026-03-02,65,93,1,89.99,5.99,89.99,5.39,84.6
65,2026-03-02,65,175,5,39.99,15.2,199.95,30.39,169.56
65,2026-03-02,65,87,1,27.99,11.38,27.99,3.19,24.8
66,2026-02-01,66,193,2,799.99,18.34,1599.98,293.44,1306.54
66,2026-02-01,66,160,1,599.99,13.31,599.99,79.86,520.13
66,2026-02-01,66,37,3,1.99,9.9,5.97,0.59,5.38
66,2026-02-01,66,178,1,89.99,16.26,89.99,14.63,75.36
67,2026-02-04,67,135,1,299.99,17.67,299.99,53.01,246.98
67,2026-02-04,67,9,2,69.99,0.62,139.98,0.87,139.11
67,2026-02-04,67,29,1,3.99,12.06,3.99,0.48,3.51
68,2025-10-19,68,65,2,12.99,10.34,25.98,2.69,23.29
68,2025-10-19,68,164,5,34.99,14.28,174.95,24.98,149.97
68,2025-10-19,68,53,4,12.99,8.03,51.96,4.17,47.79
69,2025-03-28,69,28,2,5.49,8.69,10.98,0.95,10.03
69,2025-03-28,69,190,1,4999.99,9.45,4999.99,472.5,4527.49
69,2025-03-28,69,183,3,24.99,15.18,74.97,11.38,63.59
69,2025-03-28,69,122,2,299.99,6.69,599.98,40.14,559.84
69,2025-03-28,69,122,5,299.99,6.69,1499.95,100.35,1399.6
70,2025-12-18,70,161,5,349.99,18.2,1749.95,318.49,1431.46
70,2025-12-18,70,112,3,499.99,8.31,1499.97,124.65,1375.32
70,2025-12-18,70,130,1,349.99,11.51,349.99,40.28,309.71
70,2025-12-18,70,149,3,49.99,6.53,149.97,9.79,140.18
70,2025-12-18,70,72,5,8.99,13.35,44.95,6.0,38.95
71,2025-09-01,71,133,4,699.99,5.59,2799.96,156.52,2643.44
71,2025-09-01,71,180,2,49.99,17.68,99.98,17.68,82.3
71,2025-09-01,71,23,2,2.99,11.05,5.98,0.66,5.32
71,2025-09-01,71,115,5,14999.99,6.92,74999.95,5190.0,69809.95
72,2025-12-06,72,141,4,39.99,7.74,159.96,12.38,147.58
72,2025-12-06,72,46,5,14.99,6.84,74.95,5.13,69.82
72,2025-12-06,72,61,2,34.99,17.02,69.98,11.91,58.07
72,2025-12-06,72,38,3,5.99,9.29,17.97,1.67,16.3
73,2026-05-11,73,79,3,1799.99,11.14,5399.97,601.56,4798.41
73,2026-05-11,73,111,2,12.99,19.12,25.98,4.97,21.01
73,2026-05-11,73,63,4,7.99,18.91,31.96,6.04,25.92
73,2026-05-11,73,120,5,9.99,13.39,49.95,6.69,43.26
73,2026-05-11,73,129,1,299.99,6.95,299.99,20.85,279.14
73,2026-05-11,73,191,1,15999.99,4.11,15999.99,657.6,15342.39
74,2025-09-12,74,105,1,99.99,17.17,99.99,17.17,82.82
74,2025-09-12,74,130,4,349.99,11.51,1399.96,161.14,1238.82
74,2025-09-12,74,41,1,2.49,13.28,2.49,0.33,2.16
74,2025-09-12,74,36,3,19.99,7.59,59.97,4.55,55.42
75,2025-05-03,75,41,1,2.49,13.28,2.49,0.33,2.16
75,2025-05-03,75,127,1,299.99,18.29,299.99,54.87,245.12
75,2025-05-03,75,73,2,19.99,12.09,39.98,4.83,35.15
75,2025-05-03,75,37,2,1.99,9.9,3.98,0.39,3.59
76,2025-10-08,76,108,3,29.99,13.85,89.97,12.46,77.51
76,2025-10-08,76,78,4,1999.99,4.69,7999.96,375.2,7624.76
76,2025-10-08,76,167,1,28999.99,3.98,28999.99,1154.2,27845.79
76,2025-10-08,76,177,3,129.99,10.48,389.97,40.87,349.1
76,2025-10-08,76,152,3,49.99,19.61,149.97,29.41,120.56
77,2025-10-14,77,106,2,349.99,12.02,699.98,84.14,615.84
77,2025-10-14,77,178,2,89.99,16.26,179.98,29.26,150.72
77,2025-10-14,77,91,1,119.99,4.97,119.99,5.96,114.03
78,2026-03-12,78,171,4,31999.99,14.76,127999.96,18892.79,109107.17
78,2026-03-12,78,120,3,9.99,13.39,29.97,4.01,25.96
78,2026-03-12,78,181,5,179.99,19.02,899.95,171.17,728.78
78,2026-03-12,78,85,1,34.99,19.5,34.99,6.82,28.17
79,2026-02-03,79,18,3,8.99,9.58,26.97,2.58,24.39
79,2026-02-03,79,84,3,24.99,0.94,74.97,0.7,74.27
79,2026-02-03,79,193,1,799.99,18.34,799.99,146.72,653.27
79,2026-02-03,79,174,1,599.99,14.09,599.99,84.54,515.45
79,2026-02-03,79,147,3,17.99,5.15,53.97,2.78,51.19
79,2026-02-03,79,50,2,9.99,10.24,19.98,2.05,17.93
80,2026-04-20,80,41,2,2.49,13.28,4.98,0.66,4.32
80,2026-04-20,80,13,5,299.99,19.09,1499.95,286.34,1213.61
81,2026-03-12,81,2,3,19.99,18.19,59.97,10.91,49.06
81,2026-03-12,81,36,5,19.99,7.59,99.95,7.59,92.36
81,2026-03-12,81,18,2,8.99,9.58,17.98,1.72,16.26
81,2026-03-12,81,53,5,12.99,8.03,64.95,5.22,59.73
82,2025-12-05,82,163,1,19.99,19.2,19.99,3.84,16.15
82,2025-12-05,82,46,5,14.99,6.84,74.95,5.13,69.82
82,2025-12-05,82,43,3,59.99,10.41,179.97,18.73,161.24
82,2025-12-05,82,107,4,49.99,5.73,199.96,11.46,188.5
82,2025-12-05,82,136,3,499.99,17.41,1499.97,261.14,1238.83
83,2026-04-29,83,163,2,19.99,19.2,39.98,7.68,32.3
83,2026-04-29,83,32,1,3.49,13.74,3.49,0.48,3.01
83,2026-04-29,83,14,4,499.99,2.01,1999.96,40.2,1959.76
83,2026-04-29,83,170,4,36999.99,16.44,147999.96,24331.19,123668.77
83,2026-04-29,83,49,3,5.99,15.65,17.97,2.81,15.16
84,2025-08-02,84,141,2,39.99,7.74,79.98,6.19,73.79
84,2025-08-02,84,90,5,89.99,4.2,449.95,18.9,431.05
84,2025-08-02,84,71,1,39.99,5.7,39.99,2.28,37.71
85,2025-03-14,85,157,4,19.99,11.22,79.96,8.97,70.99
85,2025-03-14,85,47,2,49.99,7.09,99.98,7.09,92.89
86,2025-06-04,86,114,5,8999.99,9.77,44999.95,4396.5,40603.45
86,2025-06-04,86,180,5,49.99,17.68,249.95,44.19,205.76
87,2026-03-31,87,45,5,39.99,7.46,199.95,14.92,185.03
87,2026-03-31,87,175,2,39.99,15.2,79.98,12.16,67.82
87,2026-03-31,87,44,1,29.99,14.87,29.99,4.46,25.53
88,2025-12-28,88,58,5,3.99,8.07,19.95,1.61,18.34
88,2025-12-28,88,100,1,129.99,15.54,129.99,20.2,109.79
89,2025-07-29,89,30,4,2.49,15.22,9.96,1.52,8.44
89,2025-07-29,89,101,4,549.99,13.67,2199.96,300.73,1899.23
89,2025-07-29,89,44,1,29.99,14.87,29.99,4.46,25.53
89,2025-07-29,89,150,2,29.99,19.51,59.98,11.7,48.28
89,2025-07-29,89,150,5,29.99,19.51,149.95,29.26,120.69
89,2025-07-29,89,138,1,8.99,1.71,8.99,0.15,8.84
90,2026-01-13,90,132,2,499.99,19.45,999.98,194.5,805.48
90,2026-01-13,90,180,4,49.99,17.68,199.96,35.35,164.61
90,2026-01-13,90,83,2,29.99,15.35,59.98,9.21,50.77
90,2026-01-13,90,176,5,59.99,11.63,299.95,34.88,265.07
90,2026-01-13,90,94,3,1499.99,17.24,4499.97,775.79,3724.18
91,2025-07-23,91,187,4,49.99,13.93,199.96,27.85,172.11
91,2025-07-23,91,52,2,29.99,6.53,59.98,3.92,56.06
92,2026-03-23,92,132,1,499.99,19.45,499.99,97.25,402.74
92,2026-03-23,92,187,3,49.99,13.93,149.97,20.89,129.08
92,2026-03-23,92,51,4,39.99,7.26,159.96,11.61,148.35
93,2025-12-22,93,83,2,29.99,15.35,59.98,9.21,50.77
93,2025-12-22,93,74,2,4.99,1.53,9.98,0.15,9.83
93,2025-12-22,93,103,1,99.99,18.1,99.99,18.1,81.89
93,2025-12-22,93,85,4,34.99,19.5,139.96,27.29,112.67
93,2025-12-22,93,13,5,299.99,19.09,1499.95,286.34,1213.61
94,2025-11-24,94,75,5,16.99,7.48,84.95,6.35,78.6
94,2025-11-24,94,3,4,14.99,9.84,59.96,5.9,54.06
94,2025-11-24,94,155,3,24.99,4.94,74.97,3.7,71.27
94,2025-11-24,94,16,3,1.99,12.62,5.97,0.75,5.22
94,2025-11-24,94,188,4,29.99,14.14,119.96,16.96,103.0
95,2025-10-18,95,133,5,699.99,5.59,3499.95,195.65,3304.3
95,2025-10-18,95,23,2,2.99,11.05,5.98,0.66,5.32
95,2025-10-18,95,170,4,36999.99,16.44,147999.96,24331.19,123668.77
95,2025-10-18,95,183,5,24.99,15.18,124.95,18.97,105.98
95,2025-10-18,95,133,4,699.99,5.59,2799.96,156.52,2643.44
95,2025-10-18,95,140,4,14.99,7.44,59.96,4.46,55.5
96,2026-03-01,96,5,5,8.99,11.44,44.95,5.14,39.81
96,2026-03-01,96,162,2,29.99,12.13,59.98,7.28,52.7
97,2025-11-16,97,18,1,8.99,9.58,8.99,0.86,8.13
97,2025-11-16,97,41,2,2.49,13.28,4.98,0.66,4.32
97,2025-11-16,97,132,4,499.99,19.45,1999.96,388.99,1610.97
98,2025-06-01,98,180,5,49.99,17.68,249.95,44.19,205.76
98,2025-06-01,98,48,2,7.99,2.84,15.98,0.45,15.53
98,2025-06-01,98,99,5,99.99,12.07,499.95,60.34,439.61
98,2025-06-01,98,188,1,29.99,14.14,29.99,4.24,25.75
98,2025-06-01,98,156,4,34.99,1.01,139.96,1.41,138.55
98,2025-06-01,98,24,5,14.99,4.23,74.95,3.17,71.78
99,2025-06-27,99,18,3,8.99,9.58,26.97,2.58,24.39
99,2025-06-27,99,68,3,24.99,3.0,74.97,2.25,72.72
99,2025-06-27,99,146,1,5.99,2.95,5.99,0.18,5.81
99,2025-06-27,99,28,3,5.49,8.69,16.47,1.43,15.04
100,2026-06-11,100,31,4,0.79,9.7,3.16,0.31,2.85
100,2026-06-11,100,97,3,10999.99,3.73,32999.97,1230.9,31769.07
101,2026-05-27,101,57,3,9.99,3.5,29.97,1.05,28.92
101,2026-05-27,101,153,3,11.99,12.25,35.97,4.41,31.56
101,2026-05-27,101,133,2,699.99,5.59,1399.98,78.26,1321.72
101,2026-05-27,101,22,1,10.99,10.27,10.99,1.13,9.86
101,2026-05-27,101,68,3,24.99,3.0,74.97,2.25,72.72
102,2026-03-24,102,22,1,10.99,10.27,10.99,1.13,9.86
102,2026-03-24,102,111,1,12.99,19.12,12.99,2.48,10.51
102,2026-03-24,102,53,4,12.99,8.03,51.96,4.17,47.79
102,2026-03-24,102,45,2,39.99,7.46,79.98,5.97,74.01
102,2026-03-24,102,63,2,7.99,18.91,15.98,3.02,12.96
103,2025-09-30,103,37,5,1.99,9.9,9.95,0.99,8.96
103,2025-09-30,103,39,4,1.99,17.48,7.96,1.39,6.57
103,2025-09-30,103,18,2,8.99,9.58,17.98,1.72,16.26
104,2026-06-13,104,87,5,27.99,11.38,139.95,15.93,124.02
104,2026-06-13,104,24,5,14.99,4.23,74.95,3.17,71.78
104,2026-06-13,104,32,3,3.49,13.74,10.47,1.44,9.03
104,2026-06-13,104,66,4,89.99,12.13,359.96,43.66,316.3
104,2026-06-13,104,55,5,6.99,14.76,34.95,5.16,29.79
104,2026-06-13,104,99,5,99.99,12.07,499.95,60.34,439.61
105,2026-04-18,105,148,2,9.99,17.37,19.98,3.47,16.51
105,2026-04-18,105,109,3,19.99,8.58,59.97,5.15,54.82
105,2026-04-18,105,75,4,16.99,7.48,67.96,5.08,62.88
106,2026-03-30,106,84,1,24.99,0.94,24.99,0.23,24.76
106,2026-03-30,106,166,2,39.99,12.95,79.98,10.36,69.62
107,2025-12-23,107,52,1,29.99,6.53,29.99,1.96,28.03
107,2025-12-23,107,47,2,49.99,7.09,99.98,7.09,92.89
108,2025-10-03,108,142,1,12.99,8.63,12.99,1.12,11.87
108,2025-10-03,108,106,3,349.99,12.02,1049.97,126.21,923.76
109,2025-06-09,109,78,5,1999.99,4.69,9999.95,469.0,9530.95
109,2025-06-09,109,93,1,89.99,5.99,89.99,5.39,84.6
110,2026-05-25,110,170,1,36999.99,16.44,36999.99,6082.8,30917.19
110,2026-05-25,110,163,3,19.99,19.2,59.97,11.51,48.46
110,2026-05-25,110,38,4,5.99,9.29,23.96,2.23,21.73
110,2026-05-25,110,61,2,34.99,17.02,69.98,11.91,58.07
110,2026-05-25,110,92,5,109.99,0.04,549.95,0.22,549.73
111,2025-12-26,111,12,5,2499.99,14.4,12499.95,1799.99,10699.96
111,2025-12-26,111,161,4,349.99,18.2,1399.96,254.79,1145.17
112,2025-08-25,112,172,4,49.99,17.88,199.96,35.75,164.21
112,2025-08-25,112,49,1,5.99,15.65,5.99,0.94,5.05
112,2025-08-25,112,142,3,12.99,8.63,38.97,3.36,35.61
112,2025-08-25,112,156,4,34.99,1.01,139.96,1.41,138.55
113,2025-10-20,113,1,5,9.99,10.48,49.95,5.23,44.72
113,2025-10-20,113,110,5,14.99,19.4,74.95,14.54,60.41
113,2025-10-20,113,112,3,499.99,8.31,1499.97,124.65,1375.32
114,2026-02-11,114,105,2,99.99,17.17,199.98,34.34,165.64
114,2026-02-11,114,117,5,7499.99,11.58,37499.95,4342.49,33157.46
115,2025-08-08,115,166,2,39.99,12.95,79.98,10.36,69.62
115,2025-08-08,115,81,4,1099.99,6.55,4399.96,288.2,4111.76
115,2025-08-08,115,69,2,3.99,7.31,7.98,0.58,7.4
115,2025-08-08,115,18,4,8.99,9.58,35.96,3.44,32.52
115,2025-08-08,115,23,1,2.99,11.05,2.99,0.33,2.66
116,2026-05-12,116,144,1,44.99,9.64,44.99,4.34,40.65
116,2026-05-12,116,21,5,1.49,0.16,7.45,0.01,7.44
116,2026-05-12,116,116,3,2999.99,6.27,8999.97,564.3,8435.67
116,2026-05-12,116,111,3,12.99,19.12,38.97,7.45,31.52
116,2026-05-12,116,120,5,9.99,13.39,49.95,6.69,43.26
117,2026-04-12,117,11,2,1899.99,8.57,3799.98,325.66,3474.32
117,2026-04-12,117,69,1,3.99,7.31,3.99,0.29,3.7
117,2026-04-12,117,37,3,1.99,9.9,5.97,0.59,5.38
117,2026-04-12,117,176,3,59.99,11.63,179.97,20.93,159.04
117,2026-04-12,117,80,5,1399.99,9.38,6999.95,656.6,6343.35
118,2026-03-30,118,60,4,10.99,3.56,43.96,1.56,42.4
118,2026-03-30,118,183,2,24.99,15.18,49.98,7.59,42.39
118,2026-03-30,118,120,4,9.99,13.39,39.96,5.35,34.61
118,2026-03-30,118,33,5,4.99,12.87,24.95,3.21,21.74
119,2025-12-16,119,104,2,19.99,18.52,39.98,7.4,32.58
119,2025-12-16,119,100,2,129.99,15.54,259.98,40.4,219.58
120,2026-02-28,120,105,2,99.99,17.17,199.98,34.34,165.64
120,2026-02-28,120,45,2,39.99,7.46,79.98,5.97,74.01
120,2026-02-28,120,88,4,149.99,4.12,599.96,24.72,575.24
121,2026-02-13,121,60,5,10.99,3.56,54.95,1.96,52.99
121,2026-02-13,121,42,3,0.99,14.92,2.97,0.44,2.53
121,2026-02-13,121,53,2,12.99,8.03,25.98,2.09,23.89
122,2026-03-07,122,95,3,8999.99,8.88,26999.97,2397.6,24602.37
122,2026-03-07,122,184,2,19.99,0.76,39.98,0.3,39.68
122,2026-03-07,122,47,1,49.99,7.09,49.99,3.54,46.45
123,2025-05-29,123,183,4,24.99,15.18,99.96,15.17,84.79
123,2025-05-29,123,116,3,2999.99,6.27,8999.97,564.3,8435.67
123,2025-05-29,123,155,4,24.99,4.94,99.96,4.94,95.02
123,2025-05-29,123,53,4,12.99,8.03,51.96,4.17,47.79
123,2025-05-29,123,115,5,14999.99,6.92,74999.95,5190.0,69809.95
123,2025-05-29,123,180,1,49.99,17.68,49.99,8.84,41.15
124,2025-12-09,124,144,4,44.99,9.64,179.96,17.35,162.61
124,2025-12-09,124,149,5,49.99,6.53,249.95,16.32,233.63
124,2025-12-09,124,146,5,5.99,2.95,29.95,0.88,29.07
124,2025-12-09,124,120,1,9.99,13.39,9.99,1.34,8.65
125,2025-04-12,125,123,3,1099.99,9.37,3299.97,309.21,2990.76
125,2025-04-12,125,4,5,12.99,12.16,64.95,7.9,57.05
126,2026-01-10,126,181,2,179.99,19.02,359.98,68.47,291.51
126,2026-01-10,126,68,5,24.99,3.0,124.95,3.75,121.2
126,2026-01-10,126,69,2,3.99,7.31,7.98,0.58,7.4
126,2026-01-10,126,127,2,299.99,18.29,599.98,109.74,490.24
126,2026-01-10,126,30,5,2.49,15.22,12.45,1.89,10.56
127,2025-11-01,127,140,2,14.99,7.44,29.98,2.23,27.75
127,2025-11-01,127,128,3,149.99,15.3,449.97,68.85,381.12
127,2025-11-01,127,87,3,27.99,11.38,83.97,9.56,74.41
127,2025-11-01,127,46,4,14.99,6.84,59.96,4.1,55.86
127,2025-11-01,127,121,2,199.99,12.91,399.98,51.64,348.34
128,2025-07-17,128,147,1,17.99,5.15,17.99,0.93,17.06
128,2025-07-17,128,78,5,1999.99,4.69,9999.95,469.0,9530.95
128,2025-07-17,128,4,3,12.99,12.16,38.97,4.74,34.23
128,2025-07-17,128,173,1,129.99,3.87,129.99,5.03,124.96
128,2025-07-17,128,57,5,9.99,3.5,49.95,1.75,48.2
129,2025-06-15,129,136,4,499.99,17.41,1999.96,348.19,1651.77
129,2025-06-15,129,52,5,29.99,6.53,149.95,9.79,140.16
129,2025-06-15,129,21,1,1.49,0.16,1.49,0.0,1.49
129,2025-06-15,129,162,1,29.99,12.13,29.99,3.64,26.35
129,2025-06-15,129,18,5,8.99,9.58,44.95,4.31,40.64
129,2025-06-15,129,59,4,4.99,7.92,19.96,1.58,18.38
130,2026-02-14,130,65,2,12.99,10.34,25.98,2.69,23.29
130,2026-02-14,130,15,2,799.99,8.8,1599.98,140.8,1459.18
130,2026-02-14,130,167,1,28999.99,3.98,28999.99,1154.2,27845.79
131,2025-08-04,131,93,5,89.99,5.99,449.95,26.95,423.0
131,2025-08-04,131,65,2,12.99,10.34,25.98,2.69,23.29
131,2025-08-04,131,90,2,89.99,4.2,179.98,7.56,172.42
131,2025-08-04,131,133,4,699.99,5.59,2799.96,156.52,2643.44
131,2025-08-04,131,35,3,2.29,5.38,6.87,0.37,6.5
131,2025-08-04,131,10,3,79.99,14.39,239.97,34.53,205.44
132,2026-06-01,132,51,3,39.99,7.26,119.97,8.71,111.26
132,2026-06-01,132,179,1,79.99,15.06,79.99,12.05,67.94
132,2026-06-01,132,51,4,39.99,7.26,159.96,11.61,148.35
132,2026-06-01,132,12,5,2499.99,14.4,12499.95,1799.99,10699.96
132,2026-06-01,132,65,4,12.99,10.34,51.96,5.37,46.59
132,2026-06-01,132,134,2,249.99,10.17,499.98,50.85,449.13
133,2026-02-11,133,176,2,59.99,11.63,119.98,13.95,106.03
133,2026-02-11,133,176,4,59.99,11.63,239.96,27.91,212.05
133,2026-02-11,133,152,4,49.99,19.61,199.96,39.21,160.75
133,2026-02-11,133,190,1,4999.99,9.45,4999.99,472.5,4527.49
133,2026-02-11,133,78,2,1999.99,4.69,3999.98,187.6,3812.38
134,2025-11-09,134,126,3,399.99,18.64,1199.97,223.67,976.3
134,2025-11-09,134,103,3,99.99,18.1,299.97,54.29,245.68
134,2025-11-09,134,173,3,129.99,3.87,389.97,15.09,374.88
134,2025-11-09,134,183,3,24.99,15.18,74.97,11.38,63.59
134,2025-11-09,134,104,3,19.99,18.52,59.97,11.11,48.86
134,2025-11-09,134,34,4,7.99,1.59,31.96,0.51,31.45
135,2026-02-15,135,150,2,29.99,19.51,59.98,11.7,48.28
135,2026-02-15,135,188,2,29.99,14.14,59.98,8.48,51.5
135,2026-02-15,135,100,5,129.99,15.54,649.95,101.0,548.95
135,2026-02-15,135,188,4,29.99,14.14,119.96,16.96,103.0
136,2025-03-14,136,177,2,129.99,10.48,259.98,27.25,232.73
136,2025-03-14,136,65,2,12.99,10.34,25.98,2.69,23.29
136,2025-03-14,136,166,3,39.99,12.95,119.97,15.54,104.43
137,2026-06-10,137,43,3,59.99,10.41,179.97,18.73,161.24
137,2026-06-10,137,87,5,27.99,11.38,139.95,15.93,124.02
137,2026-06-10,137,56,2,49.99,14.04,99.98,14.04,85.94
137,2026-06-10,137,113,3,3999.99,12.1,11999.97,1452.0,10547.97
137,2026-06-10,137,158,1,22.99,1.51,22.99,0.35,22.64
138,2026-01-05,138,117,2,7499.99,11.58,14999.98,1737.0,13262.98
138,2026-01-05,138,146,5,5.99,2.95,29.95,0.88,29.07
139,2026-04-19,139,62,2,5.99,0.63,11.98,0.08,11.9
139,2026-04-19,139,139,1,24.99,2.9,24.99,0.72,24.27
140,2025-05-28,140,87,1,27.99,11.38,27.99,3.19,24.8
140,2025-05-28,140,58,4,3.99,8.07,15.96,1.29,14.67
140,2025-05-28,140,88,4,149.99,4.12,599.96,24.72,575.24
141,2026-01-07,141,161,5,349.99,18.2,1749.95,318.49,1431.46
141,2026-01-07,141,35,5,2.29,5.38,11.45,0.62,10.83
141,2026-01-07,141,160,2,599.99,13.31,1199.98,159.72,1040.26
141,2026-01-07,141,110,2,14.99,19.4,29.98,5.82,24.16
142,2026-01-09,142,159,2,499.99,3.64,999.98,36.4,963.58
142,2026-01-09,142,187,4,49.99,13.93,199.96,27.85,172.11
142,2026-01-09,142,112,2,499.99,8.31,999.98,83.1,916.88
142,2026-01-09,142,51,5,39.99,7.26,199.95,14.52,185.43
142,2026-01-09,142,5,4,8.99,11.44,35.96,4.11,31.85
142,2026-01-09,142,102,3,79.99,4.48,239.97,10.75,229.22
143,2026-06-04,143,149,3,49.99,6.53,149.97,9.79,140.18
143,2026-06-04,143,150,4,29.99,19.51,119.96,23.4,96.56
143,2026-06-04,143,80,5,1399.99,9.38,6999.95,656.6,6343.35
143,2026-06-04,143,12,4,2499.99,14.4,9999.96,1439.99,8559.97
143,2026-06-04,143,166,3,39.99,12.95,119.97,15.54,104.43
143,2026-06-04,143,92,2,109.99,0.04,219.98,0.09,219.89
144,2026-02-08,144,12,1,2499.99,14.4,2499.99,360.0,2139.99
144,2026-02-08,144,132,3,499.99,19.45,1499.97,291.74,1208.23
144,2026-02-08,144,35,4,2.29,5.38,9.16,0.49,8.67
144,2026-02-08,144,71,3,39.99,5.7,119.97,6.84,113.13
144,2026-02-08,144,156,4,34.99,1.01,139.96,1.41,138.55
145,2026-01-02,145,152,4,49.99,19.61,199.96,39.21,160.75
145,2026-01-02,145,52,3,29.99,6.53,89.97,5.88,84.09
145,2026-01-02,145,129,2,299.99,6.95,599.98,41.7,558.28
145,2026-01-02,145,146,1,5.99,2.95,5.99,0.18,5.81
145,2026-01-02,145,77,3,5.99,12.48,17.97,2.24,15.73
145,2026-01-02,145,10,3,79.99,14.39,239.97,34.53,205.44
146,2025-09-30,146,137,2,19.99,4.93,39.98,1.97,38.01
146,2025-09-30,146,18,5,8.99,9.58,44.95,4.31,40.64
146,2025-09-30,146,172,4,49.99,17.88,199.96,35.75,164.21
146,2025-09-30,146,151,2,6.99,11.76,13.98,1.64,12.34
146,2025-09-30,146,102,3,79.99,4.48,239.97,10.75,229.22
146,2025-09-30,146,76,2,11.99,9.75,23.98,2.34,21.64
147,2025-11-01,147,42,3,0.99,14.92,2.97,0.44,2.53
147,2025-11-01,147,122,1,299.99,6.69,299.99,20.07,279.92
147,2025-11-01,147,129,3,299.99,6.95,899.97,62.55,837.42
147,2025-11-01,147,7,5,129.99,16.51,649.95,107.31,542.64
147,2025-11-01,147,107,5,49.99,5.73,249.95,14.32,235.63
148,2026-01-20,148,32,2,3.49,13.74,6.98,0.96,6.02
148,2026-01-20,148,111,5,12.99,19.12,64.95,12.42,52.53
149,2025-12-19,149,117,5,7499.99,11.58,37499.95,4342.49,33157.46
149,2025-12-19,149,101,2,549.99,13.67,1099.98,150.37,949.61
149,2025-12-19,149,91,5,119.99,4.97,599.95,29.82,570.13
149,2025-12-19,149,28,5,5.49,8.69,27.45,2.39,25.06
150,2025-03-12,150,153,1,11.99,12.25,11.99,1.47,10.52
150,2025-03-12,150,32,5,3.49,13.74,17.45,2.4,15.05
150,2025-03-12,150,159,2,499.99,3.64,999.98,36.4,963.58
151,2026-05-03,151,38,2,5.99,9.29,11.98,1.11,10.87
151,2026-05-03,151,2,3,19.99,18.19,59.97,10.91,49.06
151,2026-05-03,151,21,4,1.49,0.16,5.96,0.01,5.95
151,2026-05-03,151,52,5,29.99,6.53,149.95,9.79,140.16
151,2026-05-03,151,2,1,19.99,18.19,19.99,3.64,16.35
152,2026-05-23,152,108,4,29.99,13.85,119.96,16.61,103.35
152,2026-05-23,152,193,5,799.99,18.34,3999.95,733.59,3266.36
153,2025-07-14,153,7,2,129.99,16.51,259.98,42.92,217.06
153,2025-07-14,153,120,3,9.99,13.39,29.97,4.01,25.96
153,2025-07-14,153,110,1,14.99,19.4,14.99,2.91,12.08
153,2025-07-14,153,136,5,499.99,17.41,2499.95,435.24,2064.71
153,2025-07-14,153,80,1,1399.99,9.38,1399.99,131.32,1268.67
153,2025-07-14,153,164,3,34.99,14.28,104.97,14.99,89.98
154,2026-02-02,154,29,1,3.99,12.06,3.99,0.48,3.51
154,2026-02-02,154,93,5,89.99,5.99,449.95,26.95,423.0
154,2026-02-02,154,176,2,59.99,11.63,119.98,13.95,106.03
155,2025-06-20,155,113,5,3999.99,12.1,19999.95,2419.99,17579.96
155,2025-06-20,155,74,5,4.99,1.53,24.95,0.38,24.57
155,2025-06-20,155,71,4,39.99,5.7,159.96,9.12,150.84
155,2025-06-20,155,170,3,36999.99,16.44,110999.97,18248.4,92751.57
155,2025-06-20,155,36,2,19.99,7.59,39.98,3.03,36.95
156,2026-03-15,156,67,4,15.99,9.25,63.96,5.92,58.04
156,2026-03-15,156,112,5,499.99,8.31,2499.95,207.75,2292.2
156,2026-03-15,156,67,5,15.99,9.25,79.95,7.4,72.55
157,2025-10-08,157,74,1,4.99,1.53,4.99,0.08,4.91
157,2025-10-08,157,16,1,1.99,12.62,1.99,0.25,1.74
158,2026-03-11,158,13,1,299.99,19.09,299.99,57.27,242.72
158,2026-03-11,158,44,1,29.99,14.87,29.99,4.46,25.53
158,2026-03-11,158,6,5,49.99,1.89,249.95,4.72,245.23
158,2026-03-11,158,14,1,499.99,2.01,499.99,10.05,489.94
158,2026-03-11,158,182,3,29.99,15.24,89.97,13.71,76.26
159,2026-04-02,159,68,5,24.99,3.0,124.95,3.75,121.2
159,2026-04-02,159,105,1,99.99,17.17,99.99,17.17,82.82
159,2026-04-02,159,164,3,34.99,14.28,104.97,14.99,89.98
159,2026-04-02,159,119,4,12.99,16.39,51.96,8.52,43.44
159,2026-04-02,159,148,2,9.99,17.37,19.98,3.47,16.51
159,2026-04-02,159,56,1,49.99,14.04,49.99,7.02,42.97
160,2026-04-15,160,66,1,89.99,12.13,89.99,10.92,79.07
160,2026-04-15,160,183,3,24.99,15.18,74.97,11.38,63.59
161,2025-06-19,161,172,5,49.99,17.88,249.95,44.69,205.26
161,2025-06-19,161,156,4,34.99,1.01,139.96,1.41,138.55
161,2025-06-19,161,159,3,499.99,3.64,1499.97,54.6,1445.37
161,2025-06-19,161,105,4,99.99,17.17,399.96,68.67,331.29
161,2025-06-19,161,68,2,24.99,3.0,49.98,1.5,48.48
162,2026-05-29,162,151,4,6.99,11.76,27.96,3.29,24.67
162,2026-05-29,162,118,1,8.99,18.49,8.99,1.66,7.33
162,2026-05-29,162,112,4,499.99,8.31,1999.96,166.2,1833.76
162,2026-05-29,162,129,4,299.99,6.95,1199.96,83.4,1116.56
163,2025-09-10,163,51,2,39.99,7.26,79.98,5.81,74.17
163,2025-09-10,163,33,3,4.99,12.87,14.97,1.93,13.04
163,2025-09-10,163,13,3,299.99,19.09,899.97,171.8,728.17
163,2025-09-10,163,8,5,89.99,14.72,449.95,66.23,383.72
163,2025-09-10,163,6,1,49.99,1.89,49.99,0.94,49.05
164,2025-04-06,164,27,4,6.99,14.4,27.96,4.03,23.93
164,2025-04-06,164,61,4,34.99,17.02,139.96,23.82,116.14
164,2025-04-06,164,46,4,14.99,6.84,59.96,4.1,55.86
165,2026-02-02,165,46,1,14.99,6.84,14.99,1.03,13.96
165,2026-02-02,165,109,2,19.99,8.58,39.98,3.43,36.55
165,2026-02-02,165,76,1,11.99,9.75,11.99,1.17,10.82
165,2026-02-02,165,189,2,34.99,17.69,69.98,12.38,57.6
165,2026-02-02,165,73,3,19.99,12.09,59.97,7.25,52.72
165,2026-02-02,165,113,5,3999.99,12.1,19999.95,2419.99,17579.96
166,2025-11-20,166,175,2,39.99,15.2,79.98,12.16,67.82
166,2025-11-20,166,180,1,49.99,17.68,49.99,8.84,41.15
167,2026-05-04,167,191,3,15999.99,4.11,47999.97,1972.8,46027.17
167,2026-05-04,167,21,1,1.49,0.16,1.49,0.0,1.49
167,2026-05-04,167,166,5,39.99,12.95,199.95,25.89,174.06
168,2026-04-27,168,52,2,29.99,6.53,59.98,3.92,56.06
168,2026-04-27,168,50,4,9.99,10.24,39.96,4.09,35.87
169,2025-10-26,169,193,1,799.99,18.34,799.99,146.72,653.27
169,2025-10-26,169,95,4,8999.99,8.88,35999.96,3196.8,32803.16
170,2026-06-08,170,8,1,89.99,14.72,89.99,13.25,76.74
170,2026-06-08,170,126,4,399.99,18.64,1599.96,298.23,1301.73
170,2026-06-08,170,59,5,4.99,7.92,24.95,1.98,22.97
170,2026-06-08,170,9,1,69.99,0.62,69.99,0.43,69.56
170,2026-06-08,170,46,3,14.99,6.84,44.97,3.08,41.89
171,2025-10-13,171,166,5,39.99,12.95,199.95,25.89,174.06
171,2025-10-13,171,157,1,19.99,11.22,19.99,2.24,17.75
172,2026-01-18,172,24,5,14.99,4.23,74.95,3.17,71.78
172,2026-01-18,172,1,2,9.99,10.48,19.98,2.09,17.89
172,2026-01-18,172,8,1,89.99,14.72,89.99,13.25,76.74
172,2026-01-18,172,100,3,129.99,15.54,389.97,60.6,329.37
173,2025-09-24,173,191,1,15999.99,4.11,15999.99,657.6,15342.39
173,2025-09-24,173,106,5,349.99,12.02,1749.95,210.34,1539.61
173,2025-09-24,173,63,4,7.99,18.91,31.96,6.04,25.92
173,2025-09-24,173,37,2,1.99,9.9,3.98,0.39,3.59
174,2026-06-04,174,158,4,22.99,1.51,91.96,1.39,90.57
174,2026-06-04,174,90,5,89.99,4.2,449.95,18.9,431.05
174,2026-06-04,174,54,4,8.99,12.1,35.96,4.35,31.61
174,2026-06-04,174,27,3,6.99,14.4,20.97,3.02,17.95
174,2026-06-04,174,83,5,29.99,15.35,149.95,23.02,126.93
174,2026-06-04,174,39,2,1.99,17.48,3.98,0.7,3.28
175,2025-07-31,175,128,1,149.99,15.3,149.99,22.95,127.04
175,2025-07-31,175,99,2,99.99,12.07,199.98,24.14,175.84
176,2025-04-16,176,152,5,49.99,19.61,249.95,49.02,200.93
176,2025-04-16,176,19,2,9.99,13.7,19.98,2.74,17.24
177,2025-12-17,177,179,5,79.99,15.06,399.95,60.23,339.72
177,2025-12-17,177,14,4,499.99,2.01,1999.96,40.2,1959.76
178,2026-06-19,178,4,2,12.99,12.16,25.98,3.16,22.82
178,2026-06-19,178,43,4,59.99,10.41,239.96,24.98,214.98
178,2026-06-19,178,93,3,89.99,5.99,269.97,16.17,253.8
178,2026-06-19,178,128,5,149.99,15.3,749.95,114.74,635.21
178,2026-06-19,178,99,5,99.99,12.07,499.95,60.34,439.61
178,2026-06-19,178,12,2,2499.99,14.4,4999.98,720.0,4279.98
179,2026-05-22,179,100,2,129.99,15.54,259.98,40.4,219.58
179,2026-05-22,179,83,4,29.99,15.35,119.96,18.41,101.55
179,2026-05-22,179,95,3,8999.99,8.88,26999.97,2397.6,24602.37
179,2026-05-22,179,32,3,3.49,13.74,10.47,1.44,9.03
179,2026-05-22,179,118,3,8.99,18.49,26.97,4.99,21.98
179,2026-05-22,179,88,1,149.99,4.12,149.99,6.18,143.81
180,2026-04-09,180,26,2,0.99,1.0,1.98,0.02,1.96
180,2026-04-09,180,74,1,4.99,1.53,4.99,0.08,4.91
181,2026-05-22,181,105,2,99.99,17.17,199.98,34.34,165.64
181,2026-05-22,181,48,1,7.99,2.84,7.99,0.23,7.76
181,2026-05-22,181,82,3,1499.99,11.89,4499.97,535.05,3964.92
182,2026-05-23,182,69,3,3.99,7.31,11.97,0.88,11.09
182,2026-05-23,182,176,2,59.99,11.63,119.98,13.95,106.03
182,2026-05-23,182,67,5,15.99,9.25,79.95,7.4,72.55
182,2026-05-23,182,133,3,699.99,5.59,2099.97,117.39,1982.58
182,2026-05-23,182,47,4,49.99,7.09,199.96,14.18,185.78
182,2026-05-23,182,129,3,299.99,6.95,899.97,62.55,837.42
183,2026-01-20,183,63,5,7.99,18.91,39.95,7.55,32.4
183,2026-01-20,183,64,1,14.99,18.86,14.99,2.83,12.16
183,2026-01-20,183,136,5,499.99,17.41,2499.95,435.24,2064.71
183,2026-01-20,183,193,3,799.99,18.34,2399.97,440.15,1959.82
183,2026-01-20,183,167,2,28999.99,3.98,57999.98,2308.4,55691.58
184,2025-10-25,184,98,1,13999.99,5.05,13999.99,707.0,13292.99
184,2025-10-25,184,67,1,15.99,9.25,15.99,1.48,14.51
185,2026-04-16,185,33,1,4.99,12.87,4.99,0.64,4.35
185,2026-04-16,185,130,4,349.99,11.51,1399.96,161.14,1238.82
186,2026-03-11,186,92,3,109.99,0.04,329.97,0.13,329.84
186,2026-03-11,186,70,5,6.99,14.52,34.95,5.07,29.88
187,2025-11-21,187,12,4,2499.99,14.4,9999.96,1439.99,8559.97
187,2025-11-21,187,119,5,12.99,16.39,64.95,10.65,54.3
187,2025-11-21,187,161,2,349.99,18.2,699.98,127.4,572.58
187,2025-11-21,187,10,1,79.99,14.39,79.99,11.51,68.48
188,2025-06-08,188,184,5,19.99,0.76,99.95,0.76,99.19
188,2025-06-08,188,166,1,39.99,12.95,39.99,5.18,34.81
188,2025-06-08,188,2,1,19.99,18.19,19.99,3.64,16.35
188,2025-06-08,188,183,1,24.99,15.18,24.99,3.79,21.2
189,2026-04-08,189,122,3,299.99,6.69,899.97,60.21,839.76
189,2026-04-08,189,8,4,89.99,14.72,359.96,52.99,306.97
189,2026-04-08,189,108,1,29.99,13.85,29.99,4.15,25.84
190,2025-09-28,190,157,4,19.99,11.22,79.96,8.97,70.99
190,2025-09-28,190,98,4,13999.99,5.05,55999.96,2828.0,53171.96
191,2026-06-04,191,7,3,129.99,16.51,389.97,64.38,325.59
191,2026-06-04,191,45,2,39.99,7.46,79.98,5.97,74.01
191,2026-06-04,191,96,3,12999.99,17.52,38999.97,6832.79,32167.18
191,2026-06-04,191,184,1,19.99,0.76,19.99,0.15,19.84
191,2026-06-04,191,78,2,1999.99,4.69,3999.98,187.6,3812.38
192,2025-09-16,192,98,5,13999.99,5.05,69999.95,3535.0,66464.95
192,2025-09-16,192,92,3,109.99,0.04,329.97,0.13,329.84
192,2025-09-16,192,28,5,5.49,8.69,27.45,2.39,25.06
192,2025-09-16,192,1,3,9.99,10.48,29.97,3.14,26.83
192,2025-09-16,192,43,4,59.99,10.41,239.96,24.98,214.98
193,2025-07-01,193,26,5,0.99,1.0,4.95,0.05,4.9
193,2025-07-01,193,100,4,129.99,15.54,519.96,80.8,439.16
193,2025-07-01,193,138,4,8.99,1.71,35.96,0.61,35.35
193,2025-07-01,193,2,1,19.99,18.19,19.99,3.64,16.35
193,2025-07-01,193,149,1,49.99,6.53,49.99,3.26,46.73
193,2025-07-01,193,59,5,4.99,7.92,24.95,1.98,22.97
194,2026-05-04,194,111,3,12.99,19.12,38.97,7.45,31.52
194,2026-05-04,194,167,3,28999.99,3.98,86999.97,3462.6,83537.37
194,2026-05-04,194,17,4,12.99,9.61,51.96,4.99,46.97
195,2025-07-24,195,103,4,99.99,18.1,399.96,72.39,327.57
195,2025-07-24,195,100,1,129.99,15.54,129.99,20.2,109.79
195,2025-07-24,195,192,4,10999.99,15.94,43999.96,7013.59,36986.37
195,2025-07-24,195,43,1,59.99,10.41,59.99,6.24,53.75
195,2025-07-24,195,60,4,10.99,3.56,43.96,1.56,42.4
195,2025-07-24,195,27,4,6.99,14.4,27.96,4.03,23.93
196,2025-08-10,196,185,2,19.99,3.33,39.98,1.33,38.65
196,2025-08-10,196,1,5,9.99,10.48,49.95,5.23,44.72
196,2025-08-10,196,52,2,29.99,6.53,59.98,3.92,56.06
196,2025-08-10,196,24,4,14.99,4.23,59.96,2.54,57.42
196,2025-08-10,196,115,5,14999.99,6.92,74999.95,5190.0,69809.95
197,2026-02-18,197,18,4,8.99,9.58,35.96,3.44,32.52
197,2026-02-18,197,167,2,28999.99,3.98,57999.98,2308.4,55691.58
197,2026-02-18,197,87,1,27.99,11.38,27.99,3.19,24.8
198,2026-05-17,198,39,3,1.99,17.48,5.97,1.04,4.93
198,2026-05-17,198,36,3,19.99,7.59,59.97,4.55,55.42
198,2026-05-17,198,168,3,32999.99,8.23,98999.97,8147.7,90852.27
198,2026-05-17,198,129,5,299.99,6.95,1499.95,104.25,1395.7
199,2025-08-21,199,98,2,13999.99,5.05,27999.98,1414.0,26585.98
199,2025-08-21,199,43,4,59.99,10.41,239.96,24.98,214.98
200,2025-10-22,200,87,5,27.99,11.38,139.95,15.93,124.02
200,2025-10-22,200,187,3,49.99,13.93,149.97,20.89,129.08
200,2025-10-22,200,44,3,29.99,14.87,89.97,13.38,76.59
200,2025-10-22,200,142,5,12.99,8.63,64.95,5.61,59.34
200,2025-10-22,200,187,5,49.99,13.93,249.95,34.82,215.13
200,2025-10-22,200,97,2,10999.99,3.73,21999.98,820.6,21179.38
201,2026-04-18,201,86,3,19.99,6.83,59.97,4.1,55.87
201,2026-04-18,201,72,1,8.99,13.35,8.99,1.2,7.79
201,2026-04-18,201,28,5,5.49,8.69,27.45,2.39,25.06
201,2026-04-18,201,171,4,31999.99,14.76,127999.96,18892.79,109107.17
202,2026-06-14,202,112,1,499.99,8.31,499.99,41.55,458.44
202,2026-06-14,202,19,5,9.99,13.7,49.95,6.84,43.11
202,2026-06-14,202,65,1,12.99,10.34,12.99,1.34,11.65
202,2026-06-14,202,113,5,3999.99,12.1,19999.95,2419.99,17579.96
202,2026-06-14,202,159,5,499.99,3.64,2499.95,91.0,2408.95
202,2026-06-14,202,119,4,12.99,16.39,51.96,8.52,43.44
203,2026-01-13,203,158,1,22.99,1.51,22.99,0.35,22.64
203,2026-01-13,203,70,4,6.99,14.52,27.96,4.06,23.9
204,2025-07-17,204,141,4,39.99,7.74,159.96,12.38,147.58
204,2025-07-17,204,190,4,4999.99,9.45,19999.96,1890.0,18109.96
204,2025-07-17,204,38,2,5.99,9.29,11.98,1.11,10.87
204,2025-07-17,204,176,3,59.99,11.63,179.97,20.93,159.04
204,2025-07-17,204,190,1,4999.99,9.45,4999.99,472.5,4527.49
204,2025-07-17,204,91,2,119.99,4.97,239.98,11.93,228.05
205,2025-02-24,205,62,2,5.99,0.63,11.98,0.08,11.9
205,2025-02-24,205,113,4,3999.99,12.1,15999.96,1936.0,14063.96
206,2025-09-10,206,141,4,39.99,7.74,159.96,12.38,147.58
206,2025-09-10,206,3,2,14.99,9.84,29.98,2.95,27.03
206,2025-09-10,206,185,2,19.99,3.33,39.98,1.33,38.65
207,2025-07-08,207,137,2,19.99,4.93,39.98,1.97,38.01
207,2025-07-08,207,146,5,5.99,2.95,29.95,0.88,29.07
207,2025-07-08,207,42,4,0.99,14.92,3.96,0.59,3.37
207,2025-07-08,207,164,4,34.99,14.28,139.96,19.99,119.97
207,2025-07-08,207,117,3,7499.99,11.58,22499.97,2605.5,19894.47
207,2025-07-08,207,16,3,1.99,12.62,5.97,0.75,5.22
208,2026-03-17,208,3,3,14.99,9.84,44.97,4.43,40.54
208,2026-03-17,208,100,2,129.99,15.54,259.98,40.4,219.58
